# rover_T_world (rover to world, yaw-only orientation). Quaternion = [x,y,z,w] Hamilton
frame_index,image,tx,ty,tz,qx,qy,qz,qw
0,images/rgb_000000.png,-1.3087011244946651,3.6521480982956325,0.9288545340719329,0.0,0.0,7.304594377019711e-13,0.9999999999989999
1,images/rgb_000001.png,-2.9947535870370676,1.5861114076027722,0.8356468046240705,0.0,0.0,-2.08833268697791e-12,0.9999999999989999
2,images/rgb_000002.png,-0.5013354063345552,1.0705790346237303,0.9473568583056177,0.0,0.0,1.6829424656286777e-12,0.9999999999989999
3,images/rgb_000003.png,-2.0060148455422944,2.6982269462507222,0.7709254870269386,0.0,0.0,-1.342446096839278e-12,0.9999999999989999
4,images/rgb_000004.png,3.974753672121495,4.404546143230677,0.7694134640558039,0.0,0.0,-1.4262845989351319e-12,0.9999999999989999
5,images/rgb_000005.png,-4.017500248702211,0.8910119532187787,0.9177079506864277,0.0,0.0,2.7853194312949605e-12,0.9999999999989999
6,images/rgb_000006.png,2.972059569134024,1.2040866434790407,0.8951031412562491,0.0,0.0,-5.092645539012636e-13,0.9999999999989999
7,images/rgb_000007.png,-1.2971750081559068,1.5562831950979925,0.9315096611998779,0.0,0.0,8.470313754698917e-13,0.9999999999989999
8,images/rgb_000008.png,-2.617229211787768,0.950168745398231,0.8095303183692519,0.0,0.0,2.476154017859494e-13,0.9999999999989999
9,images/rgb_000009.png,-0.15155330874520823,2.610635573202315,0.8264684643064324,0.0,0.0,-2.2769617596855073e-12,0.9999999999989999
10,images/rgb_000010.png,-5.000094246151102,2.7080942513379656,0.7776671515305023,0.0,0.0,-1.0028851784841195e-12,0.9999999999989999
11,images/rgb_000011.png,-2.1223595840807397,1.8561778997166534,0.7648455938850236,0.0,0.0,-2.854307038801976e-12,0.9999999999989999
12,images/rgb_000012.png,-4.669482986446794,-0.08731770601858946,0.8289747419529345,0.0,0.0,8.643515611781229e-13,0.9999999999989999
13,images/rgb_000013.png,4.9054424823576595,3.453171870190368,0.9249889441770367,0.0,0.0,2.860108369536163e-12,0.9999999999989999
14,images/rgb_000014.png,-4.553857320675816,-1.2814900900098725,0.9541413327217878,0.0,0.0,2.4463399274398595e-12,0.9999999999989999
15,images/rgb_000015.png,1.835708766742896,2.7432131453646837,0.8415414170376128,0.0,0.0,1.2234333785302296e-12,0.9999999999989999
16,images/rgb_000016.png,-0.7168594649342056,2.5466723537519043,0.8091664986781103,0.0,0.0,2.3526780899031125e-13,0.9999999999989999
17,images/rgb_000017.png,-1.38479587676629,2.7017017391891733,0.928680500199207,0.0,0.0,7.229617700350579e-13,0.9999999999989999
18,images/rgb_000018.png,-1.0411736352492156,4.116396811899602,0.7707689710170651,0.0,0.0,-2.9157651368075317e-12,0.9999999999989999
19,images/rgb_000019.png,4.5860943523580415,-2.654809432976127,0.9202502859319635,0.0,0.0,3.774928140768663e-13,0.9999999999989999
20,images/rgb_000020.png,2.7591532424494214,3.9368595656559173,0.8135533500539871,0.0,0.0,3.820120921562955e-13,0.9999999999989999
21,images/rgb_000021.png,3.8191774876620084,0.4943190432407991,0.7864586180074592,0.0,0.0,-6.142899270995075e-13,0.9999999999989999
22,images/rgb_000022.png,2.488021753824661,4.582322509008977,0.7608228937657411,0.0,0.0,-2.0278001654728067e-12,0.9999999999989999
23,images/rgb_000023.png,-2.438272408751666,4.6634946178348375,0.9185192006349245,0.0,0.0,3.102834748987919e-13,0.9999999999989999
24,images/rgb_000024.png,3.4007601697603187,2.4674924223647032,0.9525540861630282,0.0,0.0,2.69031930452872e-12,0.9999999999989999
25,images/rgb_000025.png,3.098709033292008,-4.338455740361813,0.9384698504074944,0.0,0.0,2.923942014179514e-12,0.9999999999989999
26,images/rgb_000026.png,4.45805656361955,-4.578904729126803,0.7584582898501508,0.0,0.0,-2.402790829673229e-12,0.9999999999989999
27,images/rgb_000027.png,0.6348277819498136,4.372866930131485,0.8041709246664362,0.0,0.0,-2.66248130415105e-12,0.9999999999989999
28,images/rgb_000028.png,4.512733550941931,5.04955893158657,0.9261220260132117,0.0,0.0,2.8696946907771873e-12,0.9999999999989999
29,images/rgb_000029.png,2.1931784778459633,1.5056731125618552,0.8351287626889653,0.0,0.0,-2.099393088082906e-12,0.9999999999989999
30,images/rgb_000030.png,-1.9507224167228374,-1.29871104061977,0.9202868432989504,0.0,0.0,3.789244432448267e-13,0.9999999999989999
31,images/rgb_000031.png,4.564895894972046,1.1476514105725237,0.8699443962227744,0.0,0.0,-1.2531868089017797e-12,0.9999999999989999
32,images/rgb_000032.png,0.8850010156924168,-1.8058182651853874,0.9081903644934737,0.0,0.0,-6.975316460369646e-14,0.9999999999989999
33,images/rgb_000033.png,1.5321493591921251,2.2236356228716154,0.8693853834980706,0.0,0.0,-1.2684012622411103e-12,0.9999999999989999
34,images/rgb_000034.png,2.497579543369385,1.1280476291804682,0.8617459194051706,0.0,0.0,1.7433363700526025e-12,0.9999999999989999
35,images/rgb_000035.png,4.241659818766793,3.823004460670289,0.8223112816627198,0.0,0.0,-2.3570843092689404e-12,0.9999999999989999
36,images/rgb_000036.png,2.6013640290007425,-2.071974051256055,0.8657131749663758,0.0,0.0,1.8373262924105416e-12,0.9999999999989999
37,images/rgb_000037.png,-3.8438804885175784,2.720312830190405,0.9527640618258225,0.0,0.0,2.6759304210516954e-12,0.9999999999989999
38,images/rgb_000038.png,-3.5061362415777775,-3.591380568940118,0.8641470349047586,0.0,0.0,1.8005411778079096e-12,0.9999999999989999
39,images/rgb_000039.png,-4.2256535108671125,-0.22613160036035007,0.7913430641658492,0.0,0.0,-2.8241743342957315e-12,0.9999999999989999
40,images/rgb_000040.png,-4.023524173648287,1.4666133290545234,0.8523545014140577,0.0,0.0,1.510260590236666e-12,0.9999999999989999
41,images/rgb_000041.png,2.882283630828188,-0.9670183192849281,0.9529770193727432,0.0,0.0,2.1644595584249686e-12,0.9999999999989999
42,images/rgb_000042.png,0.4861033240472983,1.0332689498934213,0.9083687951510346,0.0,0.0,-6.3461139902141e-14,0.9999999999989999
43,images/rgb_000043.png,3.4702541760208216,2.422117267483206,0.8214450907144955,0.0,0.0,6.349933009806904e-13,0.9999999999989999
44,images/rgb_000044.png,-2.0749053277478327,2.442573487057988,0.9381622762551101,0.0,0.0,2.924047605994524e-12,0.9999999999989999
45,images/rgb_000045.png,4.6951735545242945,0.34805787186122994,0.8129947421201285,0.0,0.0,-2.5235401778798803e-12,0.9999999999989999
46,images/rgb_000046.png,2.9961765704974934,1.5666162077135741,0.7704692959058533,0.0,0.0,-2.9143116183049246e-12,0.9999999999989999
47,images/rgb_000047.png,1.5492353145947848,-0.6236785199055483,0.7587600925063054,0.0,0.0,-2.5647487650078158e-12,0.9999999999989999
48,images/rgb_000048.png,1.1054839305970732,-3.294144997382018,0.8238876278036229,0.0,0.0,-2.3271084811088703e-12,0.9999999999989999
49,images/rgb_000049.png,-2.0222111213345015,0.41908706472082824,0.7904291891881732,0.0,0.0,-2.8334652568020436e-12,0.9999999999989999
50,images/rgb_000050.png,1.878670758034061,-1.463481549851103,0.8300089051072009,0.0,0.0,8.949935100362759e-13,0.9999999999989999
51,images/rgb_000051.png,-4.32938406195032,2.0346392002332396,0.947114724689067,0.0,0.0,2.8648071692683268e-12,0.9999999999989999
52,images/rgb_000052.png,1.5632349202282547,-4.1311114784577105,0.8712101612866732,0.0,0.0,1.963113751132305e-12,0.9999999999989999
53,images/rgb_000053.png,-2.5286394014257128,-4.050893293379326,0.8692739144653836,0.0,0.0,1.919400602474095e-12,0.9999999999989999
54,images/rgb_000054.png,-2.8265047947399666,-2.079424169450039,0.8575499577829596,0.0,0.0,1.641034769251214e-12,0.9999999999989999
55,images/rgb_000055.png,2.4439891061019043,5.06870884891686,0.7720610434486536,0.0,0.0,-1.2816819485557547e-12,0.9999999999989999
56,images/rgb_000056.png,4.719153251282822,4.222683391253945,0.8184792509019135,0.0,0.0,5.414998546354962e-13,0.9999999999989999
57,images/rgb_000057.png,0.3813373429622582,4.960275888510333,0.9162249960848139,0.0,0.0,2.7676074730660254e-12,0.9999999999989999
58,images/rgb_000058.png,-0.29488978965326734,0.0840776415307786,0.8915679644474469,0.0,0.0,2.3815346023367465e-12,0.9999999999989999
59,images/rgb_000059.png,-4.800714052983133,-0.42340118297033297,0.9267348002730231,0.0,0.0,2.8746193474193453e-12,0.9999999999989999
60,images/rgb_000060.png,1.6982965129607301,-1.0992382401924436,0.9530683173493918,0.0,0.0,2.176583540061219e-12,0.9999999999989999
61,images/rgb_000061.png,2.367066317575844,4.486688202612381,0.8154248096308228,0.0,0.0,4.4324184779908847e-13,0.9999999999989999
62,images/rgb_000062.png,-4.0979873298925655,4.5769201379758755,0.9517981144652725,0.0,0.0,2.0324908135540894e-12,0.9999999999989999
63,images/rgb_000063.png,1.9959944807021748,-3.4063011331403676,0.9403024509944095,0.0,0.0,2.9211529181552165e-12,0.9999999999989999
64,images/rgb_000064.png,-4.923309251628418,-0.733070428159198,0.7998310727324371,0.0,0.0,-9.361171841354763e-14,0.9999999999989999
65,images/rgb_000065.png,-3.398478703076832,-4.80007798011944,0.8274481866589782,0.0,0.0,-2.2575840636949554e-12,0.9999999999989999
66,images/rgb_000066.png,2.6239951020322922,0.6755975679473198,0.7787375013363156,0.0,0.0,-2.916282656731902e-12,0.9999999999989999
67,images/rgb_000067.png,3.841311855325923,-3.9320010002024497,0.9535025354020616,0.0,0.0,2.2414951845059848e-12,0.9999999999989999
68,images/rgb_000068.png,0.3721000649580234,4.114843053145409,0.9431667814305681,0.0,0.0,2.908025478648993e-12,0.9999999999989999
69,images/rgb_000069.png,-3.913730288169863,0.5156200241568429,0.786404814721733,0.0,0.0,-2.870074732265715e-12,0.9999999999989999
70,images/rgb_000070.png,4.760169326889698,4.297930774022497,0.9515160795269549,0.0,0.0,2.0052541098049015e-12,0.9999999999989999
71,images/rgb_000071.png,-0.20751195308154474,4.788063699424645,0.9421878737108458,0.0,0.0,2.9138807631706574e-12,0.9999999999989999
72,images/rgb_000072.png,-2.9942683954909612,-4.200859608871386,0.8912634860959068,0.0,0.0,2.3758653532678713e-12,0.9999999999989999
73,images/rgb_000073.png,-0.6972955828757041,-4.119350390498443,0.8579226196499086,0.0,0.0,1.650240542012947e-12,0.9999999999989999
74,images/rgb_000074.png,-0.4243584494048127,-2.882301968766781,0.859434903183661,0.0,0.0,-1.5302833338362898e-12,0.9999999999989999
75,images/rgb_000075.png,-1.2740716471226103,-2.5849239043798944,0.8460028159935472,0.0,0.0,-1.8572860633615137e-12,0.9999999999989999
76,images/rgb_000076.png,2.909359192899591,-1.7665961310890115,0.7629355128455173,0.0,0.0,-2.8115066929260363e-12,0.9999999999989999
77,images/rgb_000077.png,-3.5721751394735883,4.522642677925991,0.8600125135422325,0.0,0.0,-1.5155400713847963e-12,0.9999999999989999
78,images/rgb_000078.png,1.465597642724157,-1.3002946031104665,0.9454586191071775,0.0,0.0,2.8874147407363684e-12,0.9999999999989999
79,images/rgb_000079.png,-4.823190961269305,-0.5794063246231225,0.7704308088014044,0.0,0.0,-2.914115182974456e-12,0.9999999999989999
80,images/rgb_000080.png,-4.718731251840055,4.478128871186396,0.8567877064728995,0.0,0.0,-1.597133681141092e-12,0.9999999999989999
81,images/rgb_000081.png,-2.8693709856709786,-1.1207977819439372,0.8421240113007921,0.0,0.0,1.2393982727741147e-12,0.9999999999989999
82,images/rgb_000082.png,-0.9176507252868038,4.297168374590901,0.8755900844119586,0.0,0.0,-1.0964726038042082e-12,0.9999999999989999
83,images/rgb_000083.png,2.089908699789557,-2.985240321387834,0.9212422830949081,0.0,0.0,2.8242988081138394e-12,0.9999999999989999
84,images/rgb_000084.png,1.461207150576719,2.574221257675012,0.9540382822919093,0.0,0.0,2.3645205474438855e-12,0.9999999999989999
85,images/rgb_000085.png,3.6245824892040677,2.3039225189001304,0.9380166248370851,0.0,0.0,1.1536825830130394e-12,0.9999999999989999
86,images/rgb_000086.png,-0.48100086412842646,-3.923240861545379,0.8308478352953541,0.0,0.0,-2.188920059780015e-12,0.9999999999989999
87,images/rgb_000087.png,-3.763815788314256,2.347210202116766,0.8723896296178715,0.0,0.0,1.9894220861925993e-12,0.9999999999989999
88,images/rgb_000088.png,2.755617576242462,-3.5720514701725206,0.8085318395811271,0.0,0.0,2.1364900558693394e-13,0.9999999999989999
89,images/rgb_000089.png,-1.619953032535339,-3.7744463915471744,0.7712905248245202,0.0,0.0,-1.3227211685317274e-12,0.9999999999989999
90,images/rgb_000090.png,-4.0738264683263425,0.9800961017970555,0.8130208732100883,0.0,0.0,-2.523100264861361e-12,0.9999999999989999
91,images/rgb_000091.png,-4.606659651274791,0.171911314537891,0.8702014206178026,0.0,0.0,-1.246173317759326e-12,0.9999999999989999
92,images/rgb_000092.png,2.427742777737874,1.3876857333749615,0.7745151878258798,0.0,0.0,-1.1557559081174735e-12,0.9999999999989999
93,images/rgb_000093.png,-5.2007297508269374,-0.476688797424605,0.7755553139580338,0.0,0.0,-1.104312564238712e-12,0.9999999999989999
94,images/rgb_000094.png,-1.8716290954073154,-3.746657435313955,0.7786141427686555,0.0,0.0,-9.585907307382053e-13,0.9999999999989999
95,images/rgb_000095.png,-4.545863300409652,3.552971329182709,0.7810294818678448,0.0,0.0,-2.9062400189187967e-12,0.9999999999989999
96,images/rgb_000096.png,4.384417589886467,4.558374715997074,0.8196825805297778,0.0,0.0,5.796558907173968e-13,0.9999999999989999
97,images/rgb_000097.png,0.2620291924796645,-4.135972685239407,0.8091011325080324,0.0,0.0,2.330458662465038e-13,0.9999999999989999
98,images/rgb_000098.png,2.213921529854008,0.12441869460095184,0.9011925267124781,0.0,0.0,-3.099148919230091e-13,0.9999999999989999
99,images/rgb_000099.png,-3.014057338456053,-3.066934991432727,0.9460675953886606,0.0,0.0,1.5994538521905092e-12,0.9999999999989999
