# convention: world_T_cam, Isaac camera frame
frame_index,image,tx,ty,tz,qx,qy,qz,qw
0,images/rgb_000000.png,-1.0043104887008667,3.154740571975708,0.800000011920929,-0.09532719626234279,0.5655993758741856,0.8077596212693025,-0.1361413453303793
1,images/rgb_000001.png,0.4411982595920563,-2.7453486919403076,0.800000011920929,0.13862735663817308,0.556571993840887,0.7948671836123473,0.19798038306273505
2,images/rgb_000002.png,-2.168113946914673,-0.7214232683181763,0.800000011920929,0.4658816933167484,-0.33458059741836016,-0.477830613297617,0.6653480116879553
3,images/rgb_000003.png,-1.2022169828414917,-0.8044497966766357,0.800000011920929,0.36561313418071606,-0.4419467891625204,-0.6311654260285311,0.5221496688189269
4,images/rgb_000004.png,0.11101749539375305,-3.344466209411621,0.800000011920929,0.2886670403812506,0.4956422783964631,0.707850531949029,0.41225925833262855
5,images/rgb_000005.png,2.3802499771118164,-0.4127365052700043,0.800000011920929,-0.1915617314663749,0.5406422397243043,0.7721171370228576,-0.27357850496177155
6,images/rgb_000006.png,-0.5753301978111267,-1.8887864351272583,0.800000011920929,-0.3497919075427903,0.4545718312369164,0.6491958547021152,-0.49955461553175806
7,images/rgb_000007.png,-1.703490138053894,-4.0456953048706055,0.800000011920929,0.4146741963593138,0.3962767205000375,0.5659418085004306,0.5922161269779422
8,images/rgb_000008.png,-0.16919447481632233,4.777580261230469,0.800000011920929,0.5445003579522117,0.18030332366992255,0.2574998323081782,0.7776271008798191
9,images/rgb_000009.png,4.521162033081055,-3.415260076522827,0.800000011920929,-0.1933080902755418,0.5400202871842229,0.7712288967424523,-0.27607256381413975
10,images/rgb_000010.png,4.144922256469727,-0.43882447481155396,0.800000011920929,-0.31885737127136826,0.4767807726014342,0.6809135100437035,-0.4553755192162351
11,images/rgb_000011.png,-2.692204475402832,4.1978678703308105,0.800000011920929,0.4466609240695647,-0.3598387795191481,-0.5139030357187866,0.63789790839954
12,images/rgb_000012.png,1.3980023860931396,-4.049094200134277,0.800000011920929,0.04083378764866841,0.572121079949665,0.8170735799452602,0.05831669243817651
13,images/rgb_000013.png,1.100572943687439,0.6351192593574524,0.800000011920929,0.5665753242841378,-0.08934388758517019,-0.12759629496935226,0.8091534200456588
14,images/rgb_000014.png,0.9587408900260925,-1.3213509321212769,0.800000011920929,0.573253098910732,-0.01925650346636607,-0.02750113704231327,0.8186902705681021
15,images/rgb_000015.png,-0.7399274706840515,1.8545457124710083,0.800000011920929,-0.2700683226956336,0.5060168272032806,0.7226669231483341,-0.3856975367419553
16,images/rgb_000016.png,0.47022271156311035,-3.610755443572998,0.800000011920929,-0.2560254014884847,0.5132649628887286,0.7330183336801029,-0.36564216681112904
17,images/rgb_000017.png,4.4722466468811035,4.018486976623535,0.800000011920929,0.02714820420140614,0.5729335941844799,0.8182339705301606,0.03877165371686602
18,images/rgb_000018.png,0.3796274662017822,1.4548611640930176,0.800000011920929,0.4726289672188172,-0.324979672721513,-0.4641190718289336,0.6749841174621382
19,images/rgb_000019.png,-3.2311363220214844,3.841097831726074,0.800000011920929,0.47759141227098434,0.31764189154063777,0.4536396342615569,0.6820712234719577
20,images/rgb_000020.png,1.7489137649536133,2.456087589263916,0.800000011920929,-0.008716723240808475,0.573510197880082,0.8190574459487148,-0.012448770921683347
21,images/rgb_000021.png,2.863466501235962,3.7396228313446045,0.800000011920929,0.33894989587439367,0.46271254189101596,0.6608219943962317,0.48407061817846275
22,images/rgb_000022.png,-1.8664573431015015,1.3571953773498535,0.800000011920929,-0.1267880830968425,0.55938779958195,0.7988885709688194,-0.18107214815340925
23,images/rgb_000023.png,0.21390816569328308,1.85752272605896,0.800000011920929,0.5041690467107779,-0.273502286416865,-0.39060174518565666,0.7200280191210698
24,images/rgb_000024.png,-4.213352680206299,-1.5776335000991821,0.800000011920929,0.5669314184034813,0.0870557014992381,0.12432842657167346,0.8096619751524116
25,images/rgb_000025.png,2.659566879272461,5.0,0.800000011920929,0.006615073943128543,0.5735382891605708,0.8190975644549517,0.009447304666330673
26,images/rgb_000026.png,0.20905433595180511,-2.8559110164642334,0.800000011920929,0.5584240871499748,-0.13096742811563825,-0.1870408714114899,0.7975122469800215
27,images/rgb_000027.png,-0.06824145466089249,0.32258278131484985,0.800000011920929,0.4586271126905481,-0.34445768947962063,-0.49193656263731456,0.6549873968268978
28,images/rgb_000028.png,0.1484832465648651,0.0002846415445674211,0.800000011920929,-0.21133899205295037,0.5332220539086419,0.7615200134405632,-0.30182336024730866
29,images/rgb_000029.png,2.8831446170806885,4.392841815948486,0.800000011920929,0.07091723758958314,0.5691754331918852,0.8128667603995706,0.10128031150722006
30,images/rgb_000030.png,-4.331017017364502,-3.1216681003570557,0.800000011920929,0.08742151508414328,0.5668751247293363,0.8095815794538891,0.12485086251379486
31,images/rgb_000031.png,4.089878082275391,2.8035736083984375,0.800000011920929,0.545913466461508,0.17597845172772594,0.25132327506451524,0.7796452289806809
32,images/rgb_000032.png,-2.4322314262390137,0.18667463958263397,0.800000011920929,0.5733900865348482,-0.01461974692212125,-0.02087916242590157,0.818885909170432
33,images/rgb_000033.png,0.9205458760261536,-1.1670738458633423,0.800000011920929,0.5218975607140808,0.2379345802047278,0.3398057964544038,0.7453469610573861
34,images/rgb_000034.png,-0.2121569812297821,4.5821661949157715,0.800000011920929,-0.13500569054565156,0.5574615608782363,0.796137617003601,-0.19280810785161506
35,images/rgb_000035.png,-3.142477512359619,4.146007537841797,0.800000011920929,0.38427028226741045,-0.42582423428291655,-0.6081400314136345,0.5487948376704321
36,images/rgb_000036.png,-2.9817628860473633,2.908578634262085,0.800000011920929,0.5366597308563976,-0.20245063994378099,-0.2891294778993763,0.7664295249213239
37,images/rgb_000037.png,1.2129724025726318,4.550412178039551,0.800000011920929,0.11366410769462386,0.5622013864786287,0.8029067894871069,0.16232916884219803
38,images/rgb_000038.png,-3.757328987121582,-1.9706965684890747,0.800000011920929,0.566064876482367,0.09252288338303245,0.13213637148151097,0.8084244250350137
39,images/rgb_000039.png,-2.7235848903656006,-1.6026794910430908,0.800000011920929,0.42403848431088376,-0.3862399411762537,-0.5516078021150582,0.6055897161505363
40,images/rgb_000040.png,-2.668394088745117,-0.6294110417366028,0.800000011920929,0.41297838078271554,0.3980436977802739,0.5684653135811588,0.5897942513424211
41,images/rgb_000041.png,-4.291138172149658,-1.8450993299484253,0.800000011920929,0.23977580171385246,0.5210542133492317,0.7441425361992862,0.34243533328263087
42,images/rgb_000042.png,0.54422926902771,-2.8103811740875244,0.800000011920929,0.5524344357630484,-0.15429232812965735,-0.22035228087397035,0.7889581382907025
43,images/rgb_000043.png,4.987913608551025,4.33164644241333,0.800000011920929,0.3705096301506762,0.43784990841853194,0.6253144739601438,0.5291425897784461
44,images/rgb_000044.png,-4.482946872711182,4.598106861114502,0.800000011920929,0.10716864883734796,0.5634756507985813,0.8047266275357098,0.15305269222230408
45,images/rgb_000045.png,2.00539231300354,2.116056203842163,0.800000011920929,0.19278747615199016,0.5402063655451067,0.7714946441826461,0.27532904979130773
46,images/rgb_000046.png,-0.9225995540618896,3.469639539718628,0.800000011920929,-0.12015309191255902,0.5608503925650402,0.8009773702222948,-0.17159639871882332
47,images/rgb_000047.png,-3.3278937339782715,3.1401450634002686,0.800000011920929,0.5181051287077305,0.24608332723541745,0.35144341328372897,0.7399308068468121
48,images/rgb_000048.png,4.155385971069336,-2.7153546810150146,0.800000011920929,0.5615163174382122,0.11700151104638158,0.16709547478670544,0.8019284095025552
49,images/rgb_000049.png,3.4129066467285156,1.8678361177444458,0.800000011920929,0.573357557248639,-0.015844238144549026,-0.022627917124485013,0.8188394525351718
50,images/rgb_000050.png,2.2368786334991455,-4.016297340393066,0.800000011920929,0.4172599693784727,-0.39355310479118777,-0.5620520821547055,0.5959089935611417
51,images/rgb_000051.png,3.1894371509552,-4.246115207672119,0.800000011920929,0.251036533976898,0.5157233628074002,0.7365292926237289,0.35851732561855604
52,images/rgb_000052.png,3.3752152919769287,-4.695975303649902,0.800000011920929,0.5607598856752781,0.12057478573050277,0.17219863990437514,0.8008481129880844
53,images/rgb_000053.png,1.6921030282974243,4.412716388702393,0.800000011920929,0.4222005615877225,0.3882481347431297,0.5544757997547446,0.6029648904769072
54,images/rgb_000054.png,-3.028484344482422,3.888890266418457,0.800000011920929,-0.31690591003216334,0.47808009007193963,0.6827691276993313,-0.45258854373723
55,images/rgb_000055.png,3.602299928665161,-3.03779673576355,0.800000011920929,-0.18772610450257546,0.541986012757521,0.7740362438017598,-0.26810066195881505
56,images/rgb_000056.png,1.6691405773162842,1.6203685998916626,0.800000011920929,0.5553867891274452,-0.14330192880493373,-0.20465636398506643,0.7931745358632643
57,images/rgb_000057.png,0.5926855206489563,3.388944149017334,0.800000011920929,-0.11240247885958787,0.5624549858279572,0.8032689668923613,-0.16052737613619317
58,images/rgb_000058.png,0.007827420718967915,3.8610315322875977,0.800000011920929,0.2966707463401144,0.49089346767145625,0.701068527377715,0.42368973504432983
59,images/rgb_000059.png,-3.8556113243103027,2.598994493484497,0.800000011920929,0.3522230045222395,0.45269071497197066,0.6465093422578827,0.5030265818371552
60,images/rgb_000060.png,0.5507450103759766,-2.85125470161438,0.800000011920929,0.5495056429438424,-0.16441860207829853,-0.23481409882944693,0.7847753886637928
61,images/rgb_000061.png,4.691519737243652,-2.2575762271881104,0.800000011920929,0.5139118786078267,-0.2547243792067849,-0.3637841144327924,0.7339422250748633
62,images/rgb_000062.png,4.052317142486572,-3.2841217517852783,0.800000011920929,0.5485234974357214,-0.16766604038203947,-0.23945192136995255,0.783372739514039
63,images/rgb_000063.png,0.6872103214263916,-4.458611488342285,0.800000011920929,0.4139907704863967,0.3969906425705613,0.5669613948824185,0.5912400936797797
64,images/rgb_000064.png,-3.0314781665802,0.8056781888008118,0.800000011920929,0.4747651454709061,-0.32185087382590244,-0.4596506839226704,0.6780348961749046
65,images/rgb_000065.png,1.9102768898010254,0.0462074913084507,0.800000011920929,0.4858942541541144,0.30478960303219743,0.4352846640461532,0.6939289105576448
66,images/rgb_000066.png,-4.268150329589844,-2.073657512664795,0.800000011920929,-0.2433923207428031,0.5193747265125056,0.7417439804210658,-0.3476002577251717
67,images/rgb_000067.png,2.7560348510742188,-1.7044341564178467,0.800000011920929,0.5187789157142602,0.24465969211712027,0.34941025162720485,0.7408930744171562
68,images/rgb_000068.png,3.846269369125366,-5.0,0.800000011920929,0.47424866570111146,-0.3226114248088915,-0.46073686329305186,0.6772972866211499
69,images/rgb_000069.png,4.930063247680664,0.17119699716567993,0.800000011920929,0.5689978129529981,0.07232853649295448,0.10329585522298729,0.8126130924094469
70,images/rgb_000070.png,-0.205109640955925,3.165510654449463,0.800000011920929,0.5372434130997585,0.2008965988199645,0.28691007716600253,0.7672631095537507
71,images/rgb_000071.png,0.5408337712287903,3.1098926067352295,0.800000011920929,0.5734362066710241,0.012682476700312025,0.01811245382010399,0.8189517755509826
72,images/rgb_000072.png,-1.9645814895629883,-2.0270915031433105,0.800000011920929,0.5221081106397133,0.2374722070911385,0.3391454592138601,0.7456476575139979
73,images/rgb_000073.png,1.046891689300537,1.5343464612960815,0.800000011920929,0.464670136495263,-0.3362611969674486,-0.4802307581937793,0.6636177292282962
74,images/rgb_000074.png,3.2295243740081787,2.2656309604644775,0.800000011920929,0.5703651310938204,-0.060609781131732834,-0.08655973811236002,0.8145658250868446
75,images/rgb_000075.png,1.981116771697998,-2.3803329467773438,0.800000011920929,0.5027270944955285,-0.27614379731688965,-0.3943742137123144,0.7179686979390439
76,images/rgb_000076.png,1.2187477350234985,-1.7189555168151855,0.800000011920929,0.5723787361848612,-0.03704741151455149,-0.05290918690946151,0.8174415511839803
77,images/rgb_000077.png,-0.40524768829345703,-2.658425807952881,0.800000011920929,0.24054773138572255,0.5206982977326601,0.7436342360209105,0.3435377631048573
78,images/rgb_000078.png,1.6374526023864746,-2.450169563293457,0.800000011920929,0.20732673091015272,0.5347948718776356,0.7637662302879499,0.29609325749369336
79,images/rgb_000079.png,2.4360671043395996,-3.9918222427368164,0.800000011920929,0.1435372752493558,0.5553260114117636,0.7930877362897591,0.20499247354056171
80,images/rgb_000080.png,3.6503753662109375,1.5397824048995972,0.800000011920929,-0.2349172640920166,0.5232626561947921,0.7472965194471769,-0.33549662246232453
81,images/rgb_000081.png,4.995126724243164,-1.2096043825149536,0.800000011920929,-0.08553759728300009,0.5671624527307488,0.8099919263663877,-0.12216034906122634
82,images/rgb_000082.png,2.7585108280181885,-3.0581183433532715,0.800000011920929,0.5611182055569033,0.11889612158985018,0.16980125905791268,0.8013598468128035
83,images/rgb_000083.png,4.903896808624268,-1.3817875385284424,0.800000011920929,0.5320821337216693,0.2141927433661166,0.30589893949694474,0.7598920386976935
84,images/rgb_000084.png,-2.59155011177063,2.127763032913208,0.800000011920929,0.5705895588875926,0.058459247557337016,0.08348845787465474,0.8148863411931779
85,images/rgb_000085.png,3.465146780014038,-1.2120599746704102,0.800000011920929,-0.07204754709446368,0.5690334606103393,0.8126640025402238,-0.10289456077361697
86,images/rgb_000086.png,3.0933051109313965,-1.437937617301941,0.800000011920929,0.3763546684635125,0.4328361027712766,0.6181540174188238,0.5374901695942548
87,images/rgb_000087.png,-0.4229261875152588,-2.763094425201416,0.800000011920929,0.5688494912271468,-0.07348594877337987,-0.10494881126425556,0.8124012670323156
88,images/rgb_000088.png,-3.163834810256958,-3.911550521850586,0.800000011920929,0.5735761007396358,-0.0006204811219460139,-0.0008861388775282534,0.8191515649862253
89,images/rgb_000089.png,2.553483724594116,-1.8096224069595337,0.800000011920929,0.121406323883366,0.5605804428069486,0.800591842013356,0.17338619945991668
90,images/rgb_000090.png,1.5009890794754028,-3.375004768371582,0.800000011920929,0.4305834024521667,-0.3789298904404653,-0.5411679677275584,0.6149368279482996
91,images/rgb_000091.png,-1.9165012836456299,1.6721874475479126,0.800000011920929,-0.2270344115866393,0.5267307702156919,0.7522494995732792,-0.32423874236932787
92,images/rgb_000092.png,3.7280311584472656,2.0004754066467285,0.800000011920929,0.439563298891089,-0.3684752835733907,-0.5262372417690735,0.6277614491482972
93,images/rgb_000093.png,3.2418763637542725,-1.0810555219650269,0.800000011920929,-0.11226111022135471,0.5624832188326835,0.8033092878017856,-0.16032548079728462
94,images/rgb_000094.png,-2.5078461170196533,-0.10506177693605423,0.800000011920929,0.5417244677174079,-0.1884795198762948,-0.2691766506230412,0.7736627187740492
95,images/rgb_000095.png,-2.157311201095581,3.278716564178467,0.800000011920929,0.5644264431031395,0.10204272959131402,0.1457321208683598,0.8060844996702903
96,images/rgb_000096.png,3.2730040550231934,-1.3112825155258179,0.800000011920929,0.5574400082308711,-0.1350946540765913,-0.1929351609409993,0.7961068366332267
97,images/rgb_000097.png,1.5047101974487305,-3.4867606163024902,0.800000011920929,0.11043459249476412,0.5628446758360808,0.8038255019007106,0.15771694314677498
98,images/rgb_000098.png,-1.993274450302124,0.312039852142334,0.800000011920929,0.564531285949543,0.10146110348632559,0.14490147270585138,0.8062342307724025
99,images/rgb_000099.png,-3.0271084308624268,-4.648728370666504,0.800000011920929,0.434491509426549,-0.3744423274320714,-0.534759063561991,0.6205181831338988
